{"episode_reward_mean": 2.07, "custom_step": 7, "_timestamp": 1691994102.9207969, "_runtime": 76.0690689086914, "_step": 6, "_wandb": {"runtime": 77}}