{"episode_reward_mean": 0.0, "custom_step": 500, "_timestamp": 1691999254.3431559, "_runtime": 5080.842976808548, "_step": 499, "_wandb": {"runtime": 5083}}