{"episode_reward_mean": 7.15, "_timestamp": 1691992792.9081879, "_runtime": 1033.2380208969116, "_step": 107, "number_of_steps_to_goal": 25.0, "_wandb": {"runtime": 1033}}